{
    "rmse": 0.7147224979248474,
    "mae": 0.5667824990285428,
    "r2": 0.23892579595692975
}