{
    "rmse": 0.7029454205666625,
    "mae": 0.5711155665447089,
    "r2": 0.2143848892314606
}